头实体,关系,尾实体
单翼构型,transforms_to,双翼构型
10自由度动力学模型,instance_of,概念
1倍弦长,instance_of,设计参数
45%弦长,instance_of,设计参数
ACADO,instance_of,技术
Aquila,instance_of,飞行器
B-1,instance_of,飞行器
Boeing106,instance_of,飞行器
CFD,instance_of,技术
CFD计算,instance_of,技术
DARPA,instance_of,组织机构
F-111,instance_of,飞行器
F-14,instance_of,飞行器
Facebook公司,instance_of,组织机构
GPS,instance_of,结构部件
Laitone,instance_of,人物
MQ-9,instance_of,飞行器
NACA0012,instance_of,机翼构型
NACA2412,instance_of,机翼构型
NASA,instance_of,组织机构
NextGenAeronautics,instance_of,组织机构
RANS方法,instance_of,技术
RQ-4,instance_of,飞行器
RQ-4A,instance_of,飞行器
RX-1E电动飞机,instance_of,飞行器
SST湍流模型,instance_of,技术
Tu-160,instance_of,飞行器
U-2,instance_of,飞行器
U型槽,instance_of,结构部件
V型尾翼,instance_of,结构部件
XB-70,instance_of,飞行器
Z型折叠翼,instance_of,机翼构型
Z字形折叠翼,instance_of,机翼构型
三角翼,instance_of,机翼构型
三部分解耦控制,instance_of,控制方法
上下双翼式布局,instance_of,机翼构型
上下机翼,instance_of,概念
上下机翼相互干扰,instance_of,气动概念
上下机翼间,instance_of,概念
上下机翼间距,instance_of,设计参数
上下间距,instance_of,设计参数
上反角,instance_of,设计参数
上机翼,instance_of,机翼构型
上机翼弯度小于下机翼,instance_of,设计参数
上翼,instance_of,结构部件
下单翼,instance_of,机翼构型
下机翼,instance_of,机翼构型
下机翼上表面,instance_of,概念
下机翼前方,instance_of,概念
下机翼后方,instance_of,概念
下机翼斜前方,instance_of,概念
下机翼斜后方,instance_of,概念
下机翼正上方,instance_of,概念
下翼,instance_of,结构部件
中国航空工业集团公司第一飞机设计研究院,instance_of,组织机构
中机身,instance_of,结构部件
串列双翼布局,instance_of,机翼构型
主梁,instance_of,结构部件
主油箱,instance_of,结构部件
二维双翼,instance_of,机翼构型
伸缩翼,instance_of,机翼构型
伸缩蒙皮,instance_of,技术
低压区,instance_of,气动概念
低速性能,instance_of,性能指标
作动器直接驱动,instance_of,控制方法
使用过载,instance_of,设计参数
俯仰力矩,instance_of,设计参数
俯仰力矩变化,instance_of,气动概念
俯仰力矩系数,instance_of,设计参数
俯仰扰动力矩,instance_of,设计参数
偏航力矩,instance_of,设计参数
偏航扰动力矩,instance_of,设计参数
停放,instance_of,飞行阶段
充气式伸缩翼,instance_of,机翼构型
全球鹰,instance_of,飞行器
公转角,instance_of,设计参数
公转角度,instance_of,设计参数
六轴加速度传感器,instance_of,结构部件
内侧副翼,instance_of,结构部件
内侧端面,instance_of,结构部件
内副翼,instance_of,结构部件
分布涡,instance_of,气动概念
刚度,instance_of,设计参数
前后间距,instance_of,设计参数
前线机场,instance_of,概念
副油箱,instance_of,结构部件
副翼,instance_of,结构部件
副翼上偏,instance_of,控制方法
副翼作动器,instance_of,结构部件
副翼偏角,instance_of,设计参数
副翼偏转,instance_of,控制方法
副翼偏转角度,instance_of,设计参数
副翼差动,instance_of,控制方法
副翼弦长,instance_of,设计参数
副翼面积,instance_of,设计参数
副翼面积占比,instance_of,结构部件
功重比,instance_of,设计参数
动力学方程,instance_of,公式
动力学模型,instance_of,概念
动压,instance_of,设计参数
升力,instance_of,气动概念
升力下降,instance_of,气动概念
升力中心,instance_of,气动概念
升力变化,instance_of,气动概念
升力损失,instance_of,气动概念
升力曲线,instance_of,气动概念
升力系数,instance_of,设计参数
升力系数损失,instance_of,设计参数
升力线斜率,instance_of,设计参数
升力线理论,instance_of,气动概念
升力补偿,instance_of,气动概念
升力计算方法,instance_of,气动概念
升力面,instance_of,气动概念
升阻比,instance_of,设计参数
升降舵,instance_of,结构部件
升限,instance_of,设计参数
半经验方法,instance_of,技术
半翼展,instance_of,设计参数
单-双折叠翼变体,instance_of,概念
单-双折叠翼变体飞机,instance_of,飞行器
单-双折叠翼变体飞行器,instance_of,飞行器
单块式机翼,instance_of,概念
单翼,instance_of,机翼构型
单翼布局,instance_of,机翼构型
单翼机,instance_of,飞行器
单翼构型,instance_of,机翼构型
单翼状态,instance_of,机翼构型
压力中心,instance_of,气动概念
压力分布,instance_of,气动概念
原则,instance_of,概念
原理验证,instance_of,技术
原理验证机,instance_of,飞行器
双翼,instance_of,机翼构型
双翼布局,instance_of,机翼构型
双翼式布局,instance_of,机翼构型
双翼机,instance_of,机翼构型
双翼机,instance_of,飞行器
双翼构型,instance_of,机翼构型
双翼气动性能,instance_of,气动概念
双翼气动理论,instance_of,气动概念
双翼气动设计,instance_of,气动概念
双翼状态,instance_of,机翼构型
双翼理论,instance_of,技术
双连杆,instance_of,结构部件
变体,instance_of,概念
变体包线,instance_of,概念
变体技术,instance_of,技术
变体控制,instance_of,控制方法
变体过程,instance_of,概念
变体过程,instance_of,飞行阶段
变体过程中,instance_of,概念
变体飞机,instance_of,飞行器
变体飞行器,instance_of,飞行器
变体飞行速度,instance_of,设计参数
变后掠翼,instance_of,机翼构型
变展长变体技术,instance_of,技术
可靠性,instance_of,性能指标
同步失速,instance_of,气动概念
后掠角,instance_of,设计参数
后起落架,instance_of,结构部件
启明星50,instance_of,飞行器
固定机翼,instance_of,机翼构型
固定机翼副翼,instance_of,结构部件
地面试验,instance_of,技术
垂尾,instance_of,结构部件
增升装置,instance_of,结构部件
增强抗扭性能,instance_of,概念
复合材料,instance_of,材料
外侧副翼,instance_of,结构部件
外侧端面,instance_of,结构部件
多腹板式机翼,instance_of,概念
大展弦比单翼布局,instance_of,机翼构型
太阳神,instance_of,飞行器
太阳能无人机,instance_of,飞行器
失效安全性,instance_of,性能指标
失效安全性,instance_of,概念
失速,instance_of,气动概念
失速攻角,instance_of,设计参数
失速速度,instance_of,气动概念
失速速度,instance_of,设计参数
奥斯瓦尔德因子,instance_of,气动概念
安全性,instance_of,性能指标
定常计算,instance_of,技术
实际攻角,instance_of,设计参数
对称面,instance_of,结构部件
尾翼,instance_of,结构部件
层流,instance_of,气动概念
层流减阻,instance_of,技术
展向升力中心,instance_of,组织机构
展向升力分布,instance_of,气动概念
展向流动,instance_of,气动概念
展开变体,instance_of,概念
展弦比,instance_of,设计参数
嵌套网格,instance_of,技术
巡航,instance_of,飞行阶段
巡航升力系数,instance_of,设计参数
巡航升阻比,instance_of,设计参数
巡航速度,instance_of,设计参数
巡航高度,instance_of,设计参数
工程梁模型法,instance_of,技术
差动,instance_of,控制方法
差动偏转,instance_of,控制方法
平均展长,instance_of,设计参数
平均弦长,instance_of,设计参数
平尾,instance_of,结构部件
平直机翼,instance_of,机翼构型
广义速度,instance_of,概念
应用场景,instance_of,概念
应用方向,instance_of,概念
张线和支柱,instance_of,结构部件
弦长,instance_of,设计参数
弯度,instance_of,气动概念
弹性蒙皮,instance_of,结构部件
强度,instance_of,设计参数
微型舵机,instance_of,结构部件
扭转力矩,instance_of,概念
扭转角,instance_of,设计参数
扰动力,instance_of,设计参数
扰动力矩,instance_of,设计参数
抗弯刚度,instance_of,设计参数
抗扭刚度,instance_of,设计参数
抗风能力,instance_of,性能指标
折叠变体,instance_of,概念
折叠翼,instance_of,机翼构型
拉格朗日方法,instance_of,控制方法
拟坐标,instance_of,概念
挂钩,instance_of,结构部件
控制方程,instance_of,公式
控制活动机翼公转,instance_of,控制方法
控制活动机翼自转,instance_of,控制方法
推重比,instance_of,设计参数
摄像头,instance_of,结构部件
摩擦阻力,instance_of,气动概念
操稳特性,instance_of,性能指标
操纵性能,instance_of,性能指标
支撑翼,instance_of,机翼构型
支撑翼布局,instance_of,机翼构型
支柱,instance_of,结构部件
收益代价,instance_of,概念
攻角,instance_of,设计参数
攻角变化,instance_of,设计参数
数值仿真,instance_of,技术
数据采集,instance_of,概念
方向舵,instance_of,结构部件
无侦-7,instance_of,飞行器
无刷电机,instance_of,结构部件
无量纲位置参数,instance_of,设计参数
无量纲量,instance_of,设计参数
早期双翼机,instance_of,概念
普朗特,instance_of,人物
最大副翼偏转角,instance_of,结构部件
最大升力系数,instance_of,设计参数
最大起飞重量,instance_of,设计参数
最大速度,instance_of,设计参数
有效攻角,instance_of,设计参数
有效载荷,instance_of,设计参数
木材,instance_of,材料
机头,instance_of,结构部件
机翼,instance_of,概念
机翼前缘,instance_of,气动概念
机翼厚度,instance_of,设计参数
机翼受力,instance_of,概念
机翼弯矩,instance_of,设计参数
机翼形状,instance_of,概念
机翼断开,instance_of,概念
机翼油箱,instance_of,结构部件
机翼结构设计,instance_of,概念
机翼结构重量,instance_of,设计参数
机翼面积,instance_of,设计参数
机身,instance_of,结构部件
机身根部,instance_of,结构部件
机身油箱,instance_of,结构部件
机身顶部,instance_of,概念
来流攻角,instance_of,设计参数
柔性桁架,instance_of,技术
柔性蒙皮,instance_of,结构部件
桁架,instance_of,结构部件
桁架式结构,instance_of,概念
桁架结构,instance_of,结构部件
梁式机翼,instance_of,概念
梢根比,instance_of,设计参数
梯形翼,instance_of,机翼构型
气动中心,instance_of,概念
气动中心,instance_of,气动概念
气动优化,instance_of,技术
气动力矩,instance_of,气动概念
气动力驱动,instance_of,控制方法
气动力驱动变体,instance_of,技术
气动干扰,instance_of,气动概念
气动弹性,instance_of,气动概念
气动效率,instance_of,性能指标
气动最优展弦比,instance_of,概念
气动舵面,instance_of,结构部件
油箱,instance_of,结构部件
波音737,instance_of,飞行器
波音777-X,instance_of,飞行器
活动机翼,instance_of,机翼构型
活动机翼上表面前缘,instance_of,概念
活动机翼固定,instance_of,概念
流动分离,instance_of,气动概念
流动分离区,instance_of,气动概念
流场结构,instance_of,气动概念
清华大学陈海昕课题组,instance_of,组织机构
滑动蒙皮,instance_of,技术
滑行,instance_of,飞行阶段
滚转力矩,instance_of,设计参数
滚转扰动力矩,instance_of,设计参数
滚转控制,instance_of,气动概念
燃油重量,instance_of,设计参数
物理模型,instance_of,技术
理论,instance_of,技术
电推杆,instance_of,结构部件
电机,instance_of,结构部件
电池,instance_of,结构部件
着陆,instance_of,飞行阶段
碳纤维复合材料,instance_of,材料
碳纤维板,instance_of,结构部件
碳纤维桁架,instance_of,结构部件
碳纤维管,instance_of,结构部件
稳定性,instance_of,性能指标
空中变体,instance_of,飞行阶段
空中变体试验,instance_of,技术
空中机动性能,instance_of,性能指标
空客公司,instance_of,组织机构
空速管,instance_of,结构部件
突风包线,instance_of,概念
突风过载,instance_of,设计参数
端板效应,instance_of,气动概念
等效攻角变化,instance_of,概念
纵墙,instance_of,结构部件
线性区,instance_of,气动概念
结构强度,instance_of,概念
结构重量,instance_of,设计参数
结构钢,instance_of,材料
续航性能,instance_of,性能指标
续航时间,instance_of,设计参数
维护,instance_of,飞行阶段
美国军队,instance_of,组织机构
美国空军,instance_of,组织机构
美国陆军,instance_of,组织机构
翼台,instance_of,结构部件
翼尖,instance_of,结构部件
翼尖弦长,instance_of,设计参数
翼尖涡,instance_of,气动概念
翼尖涡流,instance_of,气动概念
翼尖负担转角,instance_of,结构部件
翼展,instance_of,设计参数
翼展比,instance_of,设计参数
翼根,instance_of,结构部件
翼根处,instance_of,结构部件
翼根弯矩,instance_of,设计参数
翼梁,instance_of,结构部件
翼肋,instance_of,结构部件
翼载荷,instance_of,设计参数
背景网格,instance_of,技术
背负式进气道,instance_of,结构部件
自转角,instance_of,设计参数
自转角度,instance_of,设计参数
航时,instance_of,设计参数
航母起降,instance_of,概念
航程,instance_of,设计参数
舰载起降,instance_of,概念
舵效,instance_of,气动概念
舵面,instance_of,结构部件
舵面偏转,instance_of,控制方法
芒克,instance_of,人物
苍鹭,instance_of,飞行器
莫哈韦,instance_of,飞行器
菱形结构,instance_of,概念
蒙皮,instance_of,结构部件
薄翼理论,instance_of,气动概念
螺旋桨,instance_of,结构部件
西风,instance_of,飞行器
角度传感器,instance_of,结构部件
解耦控制方案,instance_of,概念
解耦控制策略,instance_of,概念
计算流体动力学,instance_of,技术
记忆合金,instance_of,材料
设计参数,instance_of,概念
设计规律,instance_of,概念
试飞,instance_of,技术
诱导阻力,instance_of,气动概念
诱导阻力系数,instance_of,设计参数
诱导阻力计算方法,instance_of,气动概念
课题组,instance_of,组织机构
负担转角,instance_of,设计参数
起落架,instance_of,结构部件
起降,instance_of,飞行阶段
起降性能,instance_of,性能指标
起降翼展,instance_of,设计参数
起飞,instance_of,飞行阶段
起飞距离,instance_of,设计参数
起飞速度,instance_of,设计参数
车载试验,instance_of,技术
转动惯量,instance_of,设计参数
转轴,instance_of,结构部件
轴承,instance_of,结构部件
过载,instance_of,设计参数
过载包线,instance_of,概念
过载能力,instance_of,性能指标
进气道,instance_of,结构部件
连接翼布局,instance_of,机翼构型
连杆,instance_of,结构部件
连杆与活动机翼连接点,instance_of,概念
连杆变形,instance_of,概念
连杆重量,instance_of,设计参数
连杆长度,instance_of,设计参数
通用原子,instance_of,组织机构
速度包线,instance_of,概念
重叠网格,instance_of,技术
重心,instance_of,概念
重量结构模块,instance_of,概念
金属底座,instance_of,结构部件
金属转轴,instance_of,结构部件
铰链,instance_of,结构部件
铰链力矩,instance_of,设计参数
锁定机构,instance_of,结构部件
锥形孔,instance_of,结构部件
锥形滑块,instance_of,结构部件
长桁,instance_of,结构部件
长航时无人机,instance_of,飞行器
长航时飞机,instance_of,飞行器
长航时飞行器,instance_of,飞行器
阻力,instance_of,气动概念
阻力系数,instance_of,设计参数
零升攻角,instance_of,设计参数
零升攻角提前,instance_of,设计参数
零升攻角滞后,instance_of,设计参数
零升阻力,instance_of,气动概念
零升阻力系数,instance_of,设计参数
雷诺数,instance_of,设计参数
非定常效应,instance_of,气动概念
非定常气动力,instance_of,气动概念
非定常计算,instance_of,技术
非线性区,instance_of,气动概念
额外俯仰力矩,instance_of,气动概念
额外气动力,instance_of,气动概念
飞行包线,instance_of,概念
飞行控制,instance_of,控制方法
飞行稳定性,instance_of,性能指标
飞行试验,instance_of,技术
马赫数,instance_of,设计参数
驱动力矩,instance_of,设计参数
鲁棒性,instance_of,性能指标
鸭翼,instance_of,机翼构型
俯仰力矩变化,greater_than,机翼
主油箱,located_at,机身
副油箱,located_at,机翼
原则,used_for,上下机翼
螺旋桨,located_at,机头
摩擦阻力,reduces,气动最优展弦比
变展长变体技术,develops,单-双折叠翼变体飞行器
活动机翼,has_part,双翼式布局
活动机翼,has_part,大展弦比单翼布局
上机翼,located_at,下机翼前方
上机翼,located_at,下机翼后方
上机翼,located_at,下机翼斜前方
上机翼,located_at,下机翼斜后方
上机翼,located_at,下机翼正上方
副翼偏转,located_at,线性区
单-双折叠翼变体飞机,located_at,单翼构型
活动机翼,located_at,内侧副翼
活动机翼,located_at,单翼状态
活动机翼,located_at,双翼构型
连杆与活动机翼连接点,located_at,活动机翼
升力,connected_to,活动机翼
固定机翼,connected_to,活动机翼
机翼,connected_to,起落架
活动机翼,connected_to,固定机翼
活动机翼,connected_to,机身
活动机翼,connected_to,连杆
翼尖,connected_to,机翼
连杆,connected_to,固定机翼
连杆,connected_to,机翼
连杆,connected_to,活动机翼
最大升力系数,improves,双翼构型
展开变体,verifies,单-双折叠翼变体
变体,affects,航程
攻角变化,affects,变体过程中
流场结构,affects,机翼
攻角变化,causes,变体过程
活动机翼,causes,额外俯仰力矩
活动机翼固定,causes,失速
ACADO,combines_with,半经验方法
副翼,controls,活动机翼
副翼差动,controls,机翼
原理验证机,controls,解耦控制策略
变体,controls,失效安全性
奥斯瓦尔德因子,depends_on,机翼
滚转扰动力矩,depends_on,连杆
连杆,depends_on,变体过程中
连杆长度,depends_on,机翼
普朗特,develops,升力计算方法
变体飞行器,drives,变体
折叠翼,drives,副翼
折叠翼,drives,变体
铰链力矩,drives,变体
副翼,generates,差动
副翼,generates,滚转力矩
展向流动,generates,诱导阻力
巡航升力系数,generates,升力
机翼断开,generates,翼尖涡流
活动机翼,generates,上下双翼式布局
活动机翼固定,generates,升力
阻力,generates,扭转力矩
上下机翼间,has_part,桁架式结构
固定机翼,has_part,双翼式布局
折叠翼,has_part,变体
背景网格,has_part,固定机翼
飞行包线,has_part,速度包线
原理验证机,implements,变体
折叠翼,implements,舰载起降
上下机翼间距,improves,双翼布局
原理验证机,improves,机翼
双翼气动性能,improves,双翼
折叠翼,improves,最大升力系数
最大升力系数,improves,起降性能
活动机翼,improves,变体控制
连杆变形,improves,变体控制
折叠翼,leads_to,变体
翼尖弦长,leads_to,翼展
上机翼,located_at,机翼
公转角度,located_at,单翼构型
副翼偏转,located_at,非线性区
变体,located_at,机翼
机翼,located_at,下机翼前方
机翼,located_at,双翼构型
活动机翼,located_at,副翼偏转
活动机翼,located_at,单翼构型
活动机翼,located_at,双翼状态
折叠翼,manufactures,翼展
副翼,needs,控制活动机翼公转
折叠翼,needs,结构重量
活动机翼,needs,升力
活动机翼,needs,控制活动机翼公转
副翼偏转,provides,气动力矩
机翼,provides,升力
活动机翼,provides,变体
活动机翼固定,provides,升力
单翼构型,reduces,半翼展
原理验证机,reduces,半翼展
变体,reduces,起降翼展
折叠翼,reduces,起降翼展
端板效应,reduces,翼尖涡
变体飞行器,satisfies,变体
连杆,satisfies,变体过程中
机翼,uses_method,菱形结构
机翼,uses_method,负担转角
俯仰力矩变化,less_than,副翼偏转
ACADO,used_for,支撑翼布局
变展长变体技术,used_for,展弦比
诱导阻力系数,depends_on,展弦比
平直机翼,develops,连接翼布局
弹性蒙皮,develops,变体
美国陆军,develops,西风
课题组,develops,ACADO
通用原子,develops,前线机场
固定机翼,driven_by,碳纤维管
翼台,driven_by,挂钩
升力,has_part,连杆
升力曲线,has_part,升力线斜率
单-双折叠翼变体飞行器,has_part,广义速度
原理验证机,has_part,电池
双翼构型,has_part,上翼
双翼构型,has_part,下翼
变体,has_part,固定机翼
变体,has_part,折叠翼
变体,has_part,柔性桁架
变体,has_part,起落架
变体,has_part,连杆
变体,has_part,飞行控制
变体飞行器,has_part,副翼
变体飞行器,has_part,变体
变体飞行器,has_part,连杆
嵌套网格,has_part,活动机翼
收益代价,has_part,Z型折叠翼
收益代价,has_part,充气式伸缩翼
收益代价,has_part,桁架
机翼,has_part,下机翼
机翼,has_part,单块式机翼
机翼,has_part,变体
机翼,has_part,固定机翼
机翼,has_part,机翼断开
机翼,has_part,机身根部
机翼,has_part,梁式机翼
梁式机翼,has_part,翼梁
梁式机翼,has_part,翼肋
梁式机翼,has_part,蒙皮
油箱,has_part,机翼油箱
翼梁,has_part,梁式机翼
翼梁,has_part,纵墙
翼梁,has_part,长桁
背景网格,has_part,对称面
背景网格,has_part,机身
航时,has_part,单-双折叠翼变体
诱导阻力系数,has_part,连杆
车载试验,has_part,变体
零升阻力系数,has_part,连杆
飞行包线,has_part,突风包线
飞行包线,has_part,过载包线
双翼,is_a,展弦比
上翼,located_at,下翼
变体,located_at,U型槽
后起落架,located_at,机身
活动机翼,located_at,45%弦长
螺旋桨,located_at,机身
重心,located_at,铰链
Facebook公司,manufactures,Aquila
NASA,manufactures,太阳神
原理验证,manufactures,翼展
原理验证机,manufactures,试飞
变体,manufactures,翼展
变体飞行器,manufactures,原理验证机
机翼结构设计,manufactures,机翼
机翼结构重量,manufactures,维护
碳纤维板,manufactures,机翼
维护,manufactures,单-双折叠翼变体飞行器
副翼,transforms_to,升力
单翼状态,transforms_to,双翼状态
副翼,used_for,展弦比
单-双折叠翼变体,used_for,展弦比
单翼构型,used_for,巡航
双翼构型,used_for,起飞
变体,used_for,展弦比
变体技术,used_for,展弦比
平直机翼,used_for,机翼
应用方向,used_for,单-双折叠翼变体
机翼,used_for,活动机翼
突风过载,used_for,舰载起降
翼台,used_for,双翼构型
翼尖,used_for,滑行
角度传感器,used_for,公转角度
碳纤维管,connected_to,尾翼
活动机翼,generates,滚转力矩
机翼,has_part,桁架式结构
活动机翼,located_at,单翼
活动机翼,located_at,变体
10度,used_for,活动机翼
单-双折叠翼变体,uses_method,气动力驱动变体
变体过程,uses_method,飞行控制
机身顶部,uses_method,碳纤维桁架
NextGenAeronautics,develops,滑动蒙皮
ACADO,discussed_in,第2章大展弦比变展长变体飞行器设计规律研究
上机翼,discussed_in,第4章单-双折叠翼变体飞行器的气动特性研究
下机翼,discussed_in,第4章单-双折叠翼变体飞行器的气动特性研究
下翼,discussed_in,第4章单-双折叠翼变体飞行器的气动特性研究
副翼,discussed_in,第3章单-双折叠翼变体飞行器概念的发展和完善
副翼,discussed_in,第4章单-双折叠翼变体飞行器的气动特性研究
副翼,discussed_in,第7章单-双折叠翼变体飞行器总体设计方法研究
副翼偏转,discussed_in,第4章单-双折叠翼变体飞行器的气动特性研究
升力,discussed_in,第3章单-双折叠翼变体飞行器概念的发展和完善
升力,discussed_in,第4章单-双折叠翼变体飞行器的气动特性研究
升力,discussed_in,第7章单-双折叠翼变体飞行器总体设计方法研究
升力线斜率,discussed_in,第4章单-双折叠翼变体飞行器的气动特性研究
单-双折叠翼变体飞行器,discussed_in,第1章绪论
单-双折叠翼变体飞行器,discussed_in,第3章单-双折叠翼变体飞行器概念的发展和完善
单-双折叠翼变体飞行器,discussed_in,第4章单-双折叠翼变体飞行器的气动特性研究
单-双折叠翼变体飞行器,discussed_in,第7章单-双折叠翼变体飞行器总体设计方法研究
单翼,discussed_in,第4章单-双折叠翼变体飞行器的气动特性研究
单翼,discussed_in,第8章单-双折叠翼变体飞行器的原理验证研究
单翼构型,discussed_in,第8章单-双折叠翼变体飞行器的原理验证研究
原理验证机,discussed_in,第8章单-双折叠翼变体飞行器的原理验证研究
双翼,discussed_in,第4章单-双折叠翼变体飞行器的气动特性研究
双翼,discussed_in,第8章单-双折叠翼变体飞行器的原理验证研究
双翼布局,discussed_in,第4章单-双折叠翼变体飞行器的气动特性研究
双翼构型,discussed_in,第4章单-双折叠翼变体飞行器的气动特性研究
双翼构型,discussed_in,第7章单-双折叠翼变体飞行器总体设计方法研究
双翼构型,discussed_in,第8章单-双折叠翼变体飞行器的原理验证研究
变体飞行器,discussed_in,第1章绪论
固定机翼,discussed_in,第3章单-双折叠翼变体飞行器概念的发展和完善
固定机翼,discussed_in,第4章单-双折叠翼变体飞行器的气动特性研究
固定机翼,discussed_in,第7章单-双折叠翼变体飞行器总体设计方法研究
固定机翼,discussed_in,第8章单-双折叠翼变体飞行器的原理验证研究
奥斯瓦尔德因子,discussed_in,第4章单-双折叠翼变体飞行器的气动特性研究
展弦比,discussed_in,第1章绪论
展弦比,discussed_in,第2章大展弦比变展长变体飞行器设计规律研究
展弦比,discussed_in,第4章单-双折叠翼变体飞行器的气动特性研究
展弦比,discussed_in,第7章单-双折叠翼变体飞行器总体设计方法研究
弦长,discussed_in,第4章单-双折叠翼变体飞行器的气动特性研究
弯度,discussed_in,第4章单-双折叠翼变体飞行器的气动特性研究
最大升力系数,discussed_in,第4章单-双折叠翼变体飞行器的气动特性研究
机身,discussed_in,第4章单-双折叠翼变体飞行器的气动特性研究
梢根比,discussed_in,第4章单-双折叠翼变体飞行器的气动特性研究
梢根比,discussed_in,第7章单-双折叠翼变体飞行器总体设计方法研究
活动机翼,discussed_in,第3章单-双折叠翼变体飞行器概念的发展和完善
活动机翼,discussed_in,第4章单-双折叠翼变体飞行器的气动特性研究
活动机翼,discussed_in,第5章单-双折叠翼变体飞行器的动力学和控制研究
活动机翼,discussed_in,第6章单-双折叠翼变体飞行器的结构机构设计研究
活动机翼,discussed_in,第7章单-双折叠翼变体飞行器总体设计方法研究
活动机翼,discussed_in,第8章单-双折叠翼变体飞行器的原理验证研究
结构重量,discussed_in,第2章大展弦比变展长变体飞行器设计规律研究
翼展,discussed_in,第7章单-双折叠翼变体飞行器总体设计方法研究
翼展比,discussed_in,第4章单-双折叠翼变体飞行器的气动特性研究
航程,discussed_in,第2章大展弦比变展长变体飞行器设计规律研究
蒙皮,discussed_in,第6章单-双折叠翼变体飞行器的结构机构设计研究
连杆,discussed_in,第3章单-双折叠翼变体飞行器概念的发展和完善
连杆,discussed_in,第4章单-双折叠翼变体飞行器的气动特性研究
连杆,discussed_in,第5章单-双折叠翼变体飞行器的动力学和控制研究
连杆,discussed_in,第6章单-双折叠翼变体飞行器的结构机构设计研究
连杆,discussed_in,第7章单-双折叠翼变体飞行器总体设计方法研究
阻力,discussed_in,第4章单-双折叠翼变体飞行器的气动特性研究
零升攻角,discussed_in,第4章单-双折叠翼变体飞行器的气动特性研究
飞行试验,discussed_in,第8章单-双折叠翼变体飞行器的原理验证研究
气动力矩,drives,机翼
电推杆,drives,挂钩
副翼偏转,generates,俯仰力矩
副翼偏转,generates,气动力驱动变体
副翼偏转,generates,额外气动力
活动机翼,generates,扭转力矩
下机翼,has_part,上机翼弯度小于下机翼
升力线理论,uses_method,分布涡
应用方向,uses_method,单-双折叠翼变体
单-双折叠翼变体,affects,气动力驱动变体
操稳特性,affects,失效安全性
飞行稳定性,affects,单-双折叠翼变体
单-双折叠翼变体飞行器,discussed_in,第6章单-双折叠翼变体飞行器的结构机构设计研究
单翼构型,discussed_in,第7章单-双折叠翼变体飞行器总体设计方法研究
扰动力矩,discussed_in,第5章单-双折叠翼变体飞行器的动力学和控制研究
翼展,discussed_in,第1章绪论
阻力,discussed_in,第6章单-双折叠翼变体飞行器的结构机构设计研究
攻角变化,generates,俯仰力矩变化
起降,needs,美国空军
飞行控制,needs,连杆
俯仰力矩,has_value,14000N·m
偏航力矩,has_value,25000N·m
公转角,has_value,0度
公转角,has_value,90度
公转角度,has_value,157度
公转角度,has_value,90度
副翼偏转,has_value,3200N·m
副翼面积占比,has_value,15%
副翼面积占比,has_value,20%
副翼面积占比,has_value,25%
升力变化,has_value,20%
升降舵,has_value,50000N·m
单-双折叠翼变体,has_value,50%
单翼状态,has_value,20m
单翼状态,has_value,6m
原理验证机,has_value,1.3kw
变体,has_value,10%
变体,has_value,7×10^5N·m
变体过程中,has_value,40度
固定机翼,has_value,10000kg
固定机翼,has_value,10度
固定机翼,has_value,1m
巡航速度,has_value,15m/s
平均弦长,has_value,1m
扭转力矩,has_value,3200N·m
最大副翼偏转角,has_value,20度
最大副翼偏转角,has_value,22度
气动力驱动变体,has_value,100m/s
活动机翼,has_value,15度
活动机翼,has_value,800kg
活动机翼,has_value,900N
滚转扰动力矩,has_value,20000N·m
理论,has_value,100%
续航时间,has_value,100%
翼展,has_value,20米
自转角,has_value,90度
航程,has_value,20000km
起降翼展,has_value,20m
起降翼展,has_value,20米
连杆,has_value,120kg
连杆,has_value,3200N·m
连杆,has_value,600克
连杆,has_value,7000N·m
连杆,has_value,70MPa
连杆长度,has_value,0.8m
阻力,has_value,1150N·m
变体,less_than_value,10%
活动机翼,less_than_value,45%
扰动力矩,depends_on,连杆
1倍弦长,discussed_in,第4章单-双折叠翼变体飞行器的气动特性研究
双翼机,discussed_in,第4章单-双折叠翼变体飞行器的气动特性研究
失速,discussed_in,第4章单-双折叠翼变体飞行器的气动特性研究
气动力驱动变体,discussed_in,第3章单-双折叠翼变体飞行器概念的发展和完善
气动力矩,affects,变体
抗风能力,develops,气动力驱动
机翼,located_at,单翼
机身,transforms_to,偏航力矩
RQ-4A,discussed_in,第2章大展弦比变展长变体飞行器设计规律研究
单-双折叠翼变体飞行器,discussed_in,第9章总结与展望
单翼构型,discussed_in,第4章单-双折叠翼变体飞行器的气动特性研究
展弦比,discussed_in,第3章单-双折叠翼变体飞行器概念的发展和完善
攻角,discussed_in,第6章单-双折叠翼变体飞行器的结构机构设计研究
最大起飞重量,discussed_in,第2章大展弦比变展长变体飞行器设计规律研究
翼台,discussed_in,第8章单-双折叠翼变体飞行器的原理验证研究
航程,discussed_in,第7章单-双折叠翼变体飞行器总体设计方法研究
诱导阻力,discussed_in,第4章单-双折叠翼变体飞行器的气动特性研究
起降翼展,discussed_in,第7章单-双折叠翼变体飞行器总体设计方法研究
非定常效应,discussed_in,第4章单-双折叠翼变体飞行器的气动特性研究
飞行控制,discussed_in,第8章单-双折叠翼变体飞行器的原理验证研究
变体,generates,滚转扰动力矩
机翼,generates,流动分离区
连杆,generates,端板效应
阻力,generates,俯仰扰动力矩
上机翼,located_at,下机翼
非定常气动力,originates_from,活动机翼
变体过程中,uses_method,副翼
变体飞行器,uses_method,变后掠翼
双翼气动性能,affects,连杆
操稳特性,affects,变体
双翼气动理论,develops,双翼布局
地面试验,implements,单-双折叠翼变体
活动机翼,located_at,下机翼
折叠变体,needs,铰链力矩
单-双折叠翼变体,solves,展弦比
收益代价,uses_method,ACADO
滚转力矩,controls,活动机翼
NACA2412,discussed_in,第4章单-双折叠翼变体飞行器的气动特性研究
RQ-4A,discussed_in,第7章单-双折叠翼变体飞行器总体设计方法研究
全球鹰,discussed_in,第7章单-双折叠翼变体飞行器总体设计方法研究
变体技术,discussed_in,第1章绪论
变体技术,discussed_in,第2章大展弦比变展长变体飞行器设计规律研究
展弦比,discussed_in,第8章单-双折叠翼变体飞行器的原理验证研究
扰动力,discussed_in,第5章单-双折叠翼变体飞行器的动力学和控制研究
机翼面积,discussed_in,第7章单-双折叠翼变体飞行器总体设计方法研究
起降翼展,discussed_in,第2章大展弦比变展长变体飞行器设计规律研究
菱形结构,drives,伸缩翼
40米,implements,航母起降
副翼作动器,provides,铰链力矩
单-双折叠翼变体,reduces,起降翼展
推重比,satisfies,变体过程中
变体技术,solves,展弦比
诱导阻力,combines_with,半经验方法
变体过程中,controls,固定机翼
气动力驱动变体,controls,单-双折叠翼变体
单-双折叠翼变体飞行器,drives,副翼偏转
单-双折叠翼变体,implements,展弦比
原理验证机,implements,飞行试验
操纵性能,improves,单翼构型
设计规律,uses_method,课题组
过载能力,verifies,飞行包线
飞行试验,verifies,单-双折叠翼变体
上下机翼间距,discussed_in,第4章单-双折叠翼变体飞行器的气动特性研究
全球鹰,discussed_in,第2章大展弦比变展长变体飞行器设计规律研究
副翼,discussed_in,第8章单-双折叠翼变体飞行器的原理验证研究
升力中心,discussed_in,第4章单-双折叠翼变体飞行器的气动特性研究
升力系数,discussed_in,第4章单-双折叠翼变体飞行器的气动特性研究
单-双折叠翼变体飞机,discussed_in,第7章单-双折叠翼变体飞行器总体设计方法研究
双翼气动性能,discussed_in,第4章单-双折叠翼变体飞行器的气动特性研究
折叠翼,discussed_in,第1章绪论
推重比,discussed_in,第7章单-双折叠翼变体飞行器总体设计方法研究
机身,discussed_in,第7章单-双折叠翼变体飞行器总体设计方法研究
气动中心,discussed_in,第4章单-双折叠翼变体飞行器的气动特性研究
翼尖,discussed_in,第7章单-双折叠翼变体飞行器总体设计方法研究
试飞,discussed_in,第8章单-双折叠翼变体飞行器的原理验证研究
长航时飞行器,discussed_in,第1章绪论
飞行控制,discussed_in,第6章单-双折叠翼变体飞行器的结构机构设计研究
折叠翼,needs,单翼状态
阻力,uses_method,连杆
双翼理论,applied_to,串列双翼布局
连杆,depends_on,下翼
清华大学陈海昕课题组,develops,单-双折叠翼变体飞行器
上下机翼间距,improves,双翼
机翼结构重量,leads_to,有效载荷
固定机翼,provides,升力
弦长,reduces,0.7m
强度,satisfies,变体过程中
推重比,satisfies,起降
结构强度,satisfies,起飞
ACADO,discussed_in,第7章单-双折叠翼变体飞行器总体设计方法研究
俯仰力矩,discussed_in,第4章单-双折叠翼变体飞行器的气动特性研究
全球鹰,discussed_in,第1章绪论
公转角度,discussed_in,第4章单-双折叠翼变体飞行器的气动特性研究
动力学方程,discussed_in,第5章单-双折叠翼变体飞行器的动力学和控制研究
升力,discussed_in,第6章单-双折叠翼变体飞行器的结构机构设计研究
升力变化,discussed_in,第4章单-双折叠翼变体飞行器的气动特性研究
单翼状态,discussed_in,第8章单-双折叠翼变体飞行器的原理验证研究
压力分布,discussed_in,第4章单-双折叠翼变体飞行器的气动特性研究
双翼状态,discussed_in,第8章单-双折叠翼变体飞行器的原理验证研究
变体飞行器,discussed_in,第2章大展弦比变展长变体飞行器设计规律研究
固定机翼,discussed_in,第6章单-双折叠翼变体飞行器的结构机构设计研究
失速攻角,discussed_in,第4章单-双折叠翼变体飞行器的气动特性研究
平均弦长,discussed_in,第4章单-双折叠翼变体飞行器的气动特性研究
弦长,discussed_in,第8章单-双折叠翼变体飞行器的原理验证研究
气动力驱动变体,discussed_in,第9章总结与展望
翼展,discussed_in,第8章单-双折叠翼变体飞行器的原理验证研究
连杆,discussed_in,第8章单-双折叠翼变体飞行器的原理验证研究
连杆,discussed_in,第9章总结与展望
阻力,discussed_in,第7章单-双折叠翼变体飞行器总体设计方法研究
机翼,connected_to,流动分离
5度,controls,活动机翼
差动偏转,controls,机翼
副翼偏转,generates,俯仰力矩变化
副翼偏转,generates,额外俯仰力矩
升力系数,generates,诱导阻力
微型舵机,implements,6m
单-双折叠翼变体,reduces,机翼
连杆,satisfies,单-双折叠翼变体飞行器
XB-70,uses_method,三角翼
原理验证机,uses_method,气动力驱动
广义速度,uses_method,拟坐标
长航时飞行器,uses_method,背负式进气道
连杆,connected_to,金属转轴
起降,controls,稳定性
单-双折叠翼变体飞行器,develops,变体
方向舵,generates,偏航力矩
气动舵面,generates,气动力驱动
阻力,improves,单翼构型
副翼,located_at,线性区
起降,needs,变展长变体技术
气动力驱动变体,used_for,100m/s
RANS方法,uses_method,SST湍流模型
原理验证,uses_method,原理验证机
变体飞行器,uses_method,作动器直接驱动
长航时飞行器,uses_method,展弦比
诱导阻力,affects,梢根比
变体过程中,controls,机翼
副翼上偏,depends_on,升力系数
CFD计算,discussed_in,第4章单-双折叠翼变体飞行器的气动特性研究
上下间距,discussed_in,第4章单-双折叠翼变体飞行器的气动特性研究
上翼,discussed_in,第4章单-双折叠翼变体飞行器的气动特性研究
二维双翼,discussed_in,第4章单-双折叠翼变体飞行器的气动特性研究
伸缩翼,discussed_in,第1章绪论
作动器直接驱动,discussed_in,第3章单-双折叠翼变体飞行器概念的发展和完善
公转角度,discussed_in,第6章单-双折叠翼变体飞行器的结构机构设计研究
内侧端面,discussed_in,第6章单-双折叠翼变体飞行器的结构机构设计研究
刚度,discussed_in,第6章单-双折叠翼变体飞行器的结构机构设计研究
单-双折叠翼变体飞机,discussed_in,第4章单-双折叠翼变体飞行器的气动特性研究
单-双折叠翼变体飞行器,discussed_in,第8章单-双折叠翼变体飞行器的原理验证研究
单翼状态,discussed_in,第4章单-双折叠翼变体飞行器的气动特性研究
原理验证机,discussed_in,第9章总结与展望
双翼,discussed_in,第7章单-双折叠翼变体飞行器总体设计方法研究
变体飞行器,discussed_in,第7章单-双折叠翼变体飞行器总体设计方法研究
变展长变体技术,discussed_in,第1章绪论
变展长变体技术,discussed_in,第2章大展弦比变展长变体飞行器设计规律研究
后掠角,discussed_in,第7章单-双折叠翼变体飞行器总体设计方法研究
定常计算,discussed_in,第4章单-双折叠翼变体飞行器的气动特性研究
尾翼,discussed_in,第8章单-双折叠翼变体飞行器的原理验证研究
展弦比,discussed_in,第9章总结与展望
强度,discussed_in,第6章单-双折叠翼变体飞行器的结构机构设计研究
攻角,discussed_in,第4章单-双折叠翼变体飞行器的气动特性研究
无量纲位置参数,discussed_in,第4章单-双折叠翼变体飞行器的气动特性研究
无量纲量,discussed_in,第4章单-双折叠翼变体飞行器的气动特性研究
机翼结构重量,discussed_in,第7章单-双折叠翼变体飞行器总体设计方法研究
机身,discussed_in,第8章单-双折叠翼变体飞行器的原理验证研究
流场结构,discussed_in,第4章单-双折叠翼变体飞行器的气动特性研究
诱导阻力,discussed_in,第1章绪论
连接翼布局,discussed_in,第1章绪论
铰链,discussed_in,第6章单-双折叠翼变体飞行器的结构机构设计研究
阻力系数,discussed_in,第4章单-双折叠翼变体飞行器的气动特性研究
副翼偏转角度,generates,俯仰力矩
固定机翼副翼,generates,滚转控制
副翼,improves,变体过程中
副翼,needs,副翼偏转
阻力,needs,变体过程中
双翼构型,reduces,起降
机翼,causes,有效攻角
变体过程中,generates,滚转扰动力矩
双翼构型,reduces,操纵性能
45%弦长,discussed_in,第4章单-双折叠翼变体飞行器的气动特性研究
上下机翼间距,discussed_in,第7章单-双折叠翼变体飞行器总体设计方法研究
上机翼,discussed_in,第7章单-双折叠翼变体飞行器总体设计方法研究
公转角度,discussed_in,第8章单-双折叠翼变体飞行器的原理验证研究
升力曲线,discussed_in,第4章单-双折叠翼变体飞行器的气动特性研究
单-双折叠翼变体飞行器,discussed_in,第5章单-双折叠翼变体飞行器的动力学和控制研究
双翼构型,discussed_in,第3章单-双折叠翼变体飞行器概念的发展和完善
太阳能无人机,discussed_in,第1章绪论
展向流动,discussed_in,第4章单-双折叠翼变体飞行器的气动特性研究
平直机翼,discussed_in,第1章绪论
攻角,discussed_in,第7章单-双折叠翼变体飞行器总体设计方法研究
攻角变化,discussed_in,第6章单-双折叠翼变体飞行器的结构机构设计研究
普朗特,discussed_in,第4章单-双折叠翼变体飞行器的气动特性研究
最大升力系数,discussed_in,第7章单-双折叠翼变体飞行器总体设计方法研究
最大起飞重量,discussed_in,第7章单-双折叠翼变体飞行器总体设计方法研究
翼展,discussed_in,第3章单-双折叠翼变体飞行器概念的发展和完善
翼展,discussed_in,第4章单-双折叠翼变体飞行器的气动特性研究
背景网格,discussed_in,第4章单-双折叠翼变体飞行器的气动特性研究
航程,discussed_in,第1章绪论
舵面,discussed_in,第5章单-双折叠翼变体飞行器的动力学和控制研究
蒙皮,discussed_in,第7章单-双折叠翼变体飞行器总体设计方法研究
起落架,discussed_in,第7章单-双折叠翼变体飞行器总体设计方法研究
铰链,discussed_in,第3章单-双折叠翼变体飞行器概念的发展和完善
铰链力矩,discussed_in,第3章单-双折叠翼变体飞行器概念的发展和完善
锁定机构,discussed_in,第8章单-双折叠翼变体飞行器的原理验证研究
长航时飞行器,discussed_in,第7章单-双折叠翼变体飞行器总体设计方法研究
零升阻力系数,discussed_in,第2章大展弦比变展长变体飞行器设计规律研究
飞行控制,discussed_in,第4章单-双折叠翼变体飞行器的气动特性研究
飞行控制,discussed_in,第7章单-双折叠翼变体飞行器总体设计方法研究
固定机翼,generates,升力
飞行控制,needs,攻角
升力,uses_method,副翼偏转
单-双折叠翼变体飞行器,uses_method,机翼
副翼偏转,generates,阻力
变体,generates,扰动力
机翼,located_at,失速
连杆,needs,机翼
副翼,satisfies,变体
连杆,satisfies,变体
连杆,satisfies,机翼
5度,used_for,活动机翼
单-双折叠翼变体,used_for,收益代价
双翼,uses_method,上机翼
固定机翼,uses_method,攻角
多腹板式机翼,uses_method,蒙皮
金属转轴,uses_method,轴承
变体,affects,机身油箱
阻力,generates,偏航力矩
折叠翼,uses_method,上反角
机翼,uses_method,后掠角
双翼布局,develops,双翼
U型槽,discussed_in,第7章单-双折叠翼变体飞行器总体设计方法研究
上反角,discussed_in,第4章单-双折叠翼变体飞行器的气动特性研究
上反角,discussed_in,第7章单-双折叠翼变体飞行器总体设计方法研究
俯仰力矩,discussed_in,第5章单-双折叠翼变体飞行器的动力学和控制研究
俯仰力矩变化,discussed_in,第4章单-双折叠翼变体飞行器的气动特性研究
偏航力矩,discussed_in,第5章单-双折叠翼变体飞行器的动力学和控制研究
全球鹰,discussed_in,第6章单-双折叠翼变体飞行器的结构机构设计研究
前后间距,discussed_in,第4章单-双折叠翼变体飞行器的气动特性研究
副翼,discussed_in,第5章单-双折叠翼变体飞行器的动力学和控制研究
副翼,discussed_in,第6章单-双折叠翼变体飞行器的结构机构设计研究
副翼,discussed_in,第9章总结与展望
副翼偏转角度,discussed_in,第4章单-双折叠翼变体飞行器的气动特性研究
升力,discussed_in,第5章单-双折叠翼变体飞行器的动力学和控制研究
升力,discussed_in,第8章单-双折叠翼变体飞行器的原理验证研究
升力面,discussed_in,第3章单-双折叠翼变体飞行器概念的发展和完善
升阻比,discussed_in,第2章大展弦比变展长变体飞行器设计规律研究
升阻比,discussed_in,第7章单-双折叠翼变体飞行器总体设计方法研究
单翼构型,discussed_in,第3章单-双折叠翼变体飞行器概念的发展和完善
原理验证,discussed_in,第1章绪论
双翼理论,discussed_in,第4章单-双折叠翼变体飞行器的气动特性研究
变后掠翼,discussed_in,第1章绪论
同步失速,discussed_in,第4章单-双折叠翼变体飞行器的气动特性研究
后掠角,discussed_in,第1章绪论
失速,discussed_in,第7章单-双折叠翼变体飞行器总体设计方法研究
实际攻角,discussed_in,第4章单-双折叠翼变体飞行器的气动特性研究
尾翼,discussed_in,第5章单-双折叠翼变体飞行器的动力学和控制研究
尾翼,discussed_in,第7章单-双折叠翼变体飞行器总体设计方法研究
展弦比,discussed_in,第6章单-双折叠翼变体飞行器的结构机构设计研究
挂钩,discussed_in,第8章单-双折叠翼变体飞行器的原理验证研究
最大起飞重量,discussed_in,第8章单-双折叠翼变体飞行器的原理验证研究
机身,discussed_in,第1章绪论
气动力驱动,discussed_in,第1章绪论
气动力驱动变体,discussed_in,第4章单-双折叠翼变体飞行器的气动特性研究
油箱,discussed_in,第7章单-双折叠翼变体飞行器总体设计方法研究
流动分离,discussed_in,第4章单-双折叠翼变体飞行器的气动特性研究
滚转扰动力矩,discussed_in,第5章单-双折叠翼变体飞行器的动力学和控制研究
电推杆,discussed_in,第8章单-双折叠翼变体飞行器的原理验证研究
结构重量,discussed_in,第7章单-双折叠翼变体飞行器总体设计方法研究
翼尖,discussed_in,第1章绪论
翼根处,discussed_in,第4章单-双折叠翼变体飞行器的气动特性研究
翼载荷,discussed_in,第7章单-双折叠翼变体飞行器总体设计方法研究
舵面,discussed_in,第7章单-双折叠翼变体飞行器总体设计方法研究
芒克,discussed_in,第4章单-双折叠翼变体飞行器的气动特性研究
车载试验,discussed_in,第8章单-双折叠翼变体飞行器的原理验证研究
重叠网格,discussed_in,第4章单-双折叠翼变体飞行器的气动特性研究
铰链,discussed_in,第7章单-双折叠翼变体飞行器总体设计方法研究
铰链,discussed_in,第8章单-双折叠翼变体飞行器的原理验证研究
长桁,discussed_in,第6章单-双折叠翼变体飞行器的结构机构设计研究
阻力,discussed_in,第1章绪论
阻力,discussed_in,第5章单-双折叠翼变体飞行器的动力学和控制研究
雷诺数,discussed_in,第4章单-双折叠翼变体飞行器的气动特性研究
非定常计算,discussed_in,第4章单-双折叠翼变体飞行器的气动特性研究
飞行控制,discussed_in,第5章单-双折叠翼变体飞行器的动力学和控制研究
飞行试验,discussed_in,第9章总结与展望
马赫数,discussed_in,第7章单-双折叠翼变体飞行器总体设计方法研究
升力,drives,机翼
变体,generates,俯仰扰动力矩
变体,generates,偏航扰动力矩
升力,leads_to,机翼
固定机翼,transforms_to,俯仰力矩
折叠翼,used_for,滑行
气动力驱动变体,uses_method,副翼
车载试验,verifies,原理验证机
活动机翼,connected_to,45%弦长
副翼,depends_on,变体包线
157度,located_at,双翼构型
副翼,needs,升力
45%弦长,discussed_in,第6章单-双折叠翼变体飞行器的结构机构设计研究
ACADO,discussed_in,第5章单-双折叠翼变体飞行器的动力学和控制研究
DARPA,discussed_in,第1章绪论
RQ-4A,discussed_in,第5章单-双折叠翼变体飞行器的动力学和控制研究
U-2,discussed_in,第1章绪论
U型槽,discussed_in,第8章单-双折叠翼变体飞行器的原理验证研究
XB-70,discussed_in,第1章绪论
下机翼,discussed_in,第7章单-双折叠翼变体飞行器总体设计方法研究
下翼,discussed_in,第7章单-双折叠翼变体飞行器总体设计方法研究
全球鹰,discussed_in,第3章单-双折叠翼变体飞行器概念的发展和完善
公转角,discussed_in,第8章单-双折叠翼变体飞行器的原理验证研究
公转角度,discussed_in,第5章单-双折叠翼变体飞行器的动力学和控制研究
副翼偏转,discussed_in,第3章单-双折叠翼变体飞行器概念的发展和完善
副翼偏转,discussed_in,第7章单-双折叠翼变体飞行器总体设计方法研究
副翼偏转,discussed_in,第9章总结与展望
副翼弦长,discussed_in,第4章单-双折叠翼变体飞行器的气动特性研究
副翼面积占比,discussed_in,第7章单-双折叠翼变体飞行器总体设计方法研究
动压,discussed_in,第7章单-双折叠翼变体飞行器总体设计方法研究
升力系数,discussed_in,第7章单-双折叠翼变体飞行器总体设计方法研究
升力系数损失,discussed_in,第4章单-双折叠翼变体飞行器的气动特性研究
升力线理论,discussed_in,第4章单-双折叠翼变体飞行器的气动特性研究
升力补偿,discussed_in,第7章单-双折叠翼变体飞行器总体设计方法研究
升阻比,discussed_in,第1章绪论
单翼,discussed_in,第3章单-双折叠翼变体飞行器概念的发展和完善
单翼,discussed_in,第6章单-双折叠翼变体飞行器的结构机构设计研究
单翼,discussed_in,第7章单-双折叠翼变体飞行器总体设计方法研究
双翼,discussed_in,第3章单-双折叠翼变体飞行器概念的发展和完善
双翼,discussed_in,第9章总结与展望
双翼气动设计,discussed_in,第4章单-双折叠翼变体飞行器的气动特性研究
双翼状态,discussed_in,第3章单-双折叠翼变体飞行器概念的发展和完善
双翼状态,discussed_in,第4章单-双折叠翼变体飞行器的气动特性研究
双连杆,discussed_in,第6章单-双折叠翼变体飞行器的结构机构设计研究
变体飞行器,discussed_in,第3章单-双折叠翼变体飞行器概念的发展和完善
变体飞行器,discussed_in,第9章总结与展望
固定机翼,discussed_in,第5章单-双折叠翼变体飞行器的动力学和控制研究
垂尾,discussed_in,第8章单-双折叠翼变体飞行器的原理验证研究
展向升力分布,discussed_in,第4章单-双折叠翼变体飞行器的气动特性研究
嵌套网格,discussed_in,第4章单-双折叠翼变体飞行器的气动特性研究
巡航升阻比,discussed_in,第7章单-双折叠翼变体飞行器总体设计方法研究
平直机翼,discussed_in,第4章单-双折叠翼变体飞行器的气动特性研究
弦长,discussed_in,第7章单-双折叠翼变体飞行器总体设计方法研究
扭转角,discussed_in,第6章单-双折叠翼变体飞行器的结构机构设计研究
扭转角,discussed_in,第7章单-双折叠翼变体飞行器总体设计方法研究
折叠翼,discussed_in,第4章单-双折叠翼变体飞行器的气动特性研究
攻角变化,discussed_in,第4章单-双折叠翼变体飞行器的气动特性研究
方向舵,discussed_in,第5章单-双折叠翼变体飞行器的动力学和控制研究
最大速度,discussed_in,第7章单-双折叠翼变体飞行器总体设计方法研究
机身,discussed_in,第3章单-双折叠翼变体飞行器概念的发展和完善
桁架,discussed_in,第1章绪论
梯形翼,discussed_in,第4章单-双折叠翼变体飞行器的气动特性研究
气动力驱动变体,discussed_in,第1章绪论
气动力驱动变体,discussed_in,第7章单-双折叠翼变体飞行器总体设计方法研究
结构重量,discussed_in,第1章绪论
结构重量,discussed_in,第3章单-双折叠翼变体飞行器概念的发展和完善
翼尖,discussed_in,第4章单-双折叠翼变体飞行器的气动特性研究
翼展,discussed_in,第2章大展弦比变展长变体飞行器设计规律研究
翼展,discussed_in,第9章总结与展望
翼根,discussed_in,第4章单-双折叠翼变体飞行器的气动特性研究
翼梁,discussed_in,第6章单-双折叠翼变体飞行器的结构机构设计研究
翼肋,discussed_in,第6章单-双折叠翼变体飞行器的结构机构设计研究
自转角,discussed_in,第8章单-双折叠翼变体飞行器的原理验证研究
航时,discussed_in,第7章单-双折叠翼变体飞行器总体设计方法研究
舵效,discussed_in,第7章单-双折叠翼变体飞行器总体设计方法研究
诱导阻力,discussed_in,第2章大展弦比变展长变体飞行器设计规律研究
诱导阻力,discussed_in,第7章单-双折叠翼变体飞行器总体设计方法研究
诱导阻力系数,discussed_in,第2章大展弦比变展长变体飞行器设计规律研究
课题组,discussed_in,第2章大展弦比变展长变体飞行器设计规律研究
起落架,discussed_in,第8章单-双折叠翼变体飞行器的原理验证研究
起飞速度,discussed_in,第8章单-双折叠翼变体飞行器的原理验证研究
进气道,discussed_in,第7章单-双折叠翼变体飞行器总体设计方法研究
连接翼布局,discussed_in,第7章单-双折叠翼变体飞行器总体设计方法研究
连杆重量,discussed_in,第7章单-双折叠翼变体飞行器总体设计方法研究
连杆长度,discussed_in,第6章单-双折叠翼变体飞行器的结构机构设计研究
连杆长度,discussed_in,第7章单-双折叠翼变体飞行器总体设计方法研究
金属转轴,discussed_in,第8章单-双折叠翼变体飞行器的原理验证研究
锥形孔,discussed_in,第8章单-双折叠翼变体飞行器的原理验证研究
长航时飞机,discussed_in,第1章绪论
阻力,discussed_in,第9章总结与展望
额外气动力,discussed_in,第4章单-双折叠翼变体飞行器的气动特性研究
飞行控制,discussed_in,第9章总结与展望
马赫数,discussed_in,第4章单-双折叠翼变体飞行器的气动特性研究
金属转轴,connected_to,角度传感器
定常计算,located_at,折叠变体
额外气动力,located_at,45%弦长
变体包线,needs,变体过程中
抗风能力,develops,单-双折叠翼变体
折叠翼,drives,伸缩翼
电推杆,drives,碳纤维管
零升阻力,has_part,摩擦阻力
抗扭刚度,improves,活动机翼
碳纤维复合材料,located_at,U型槽
梁式机翼,provides,单-双折叠翼变体飞行器
上下机翼间距,satisfies,连杆长度
气动力驱动变体,solves,变体技术
空中机动性能,solves,展弦比
20度,verifies,最大副翼偏转角
Aquila,discussed_in,第1章绪论
F-14,discussed_in,第1章绪论
GPS,discussed_in,第8章单-双折叠翼变体飞行器的原理验证研究
NACA0012,discussed_in,第4章单-双折叠翼变体飞行器的气动特性研究
NASA,discussed_in,第1章绪论
RQ-4A,discussed_in,第4章单-双折叠翼变体飞行器的气动特性研究
RQ-4A,discussed_in,第6章单-双折叠翼变体飞行器的结构机构设计研究
SST湍流模型,discussed_in,第4章单-双折叠翼变体飞行器的气动特性研究
U型槽,discussed_in,第6章单-双折叠翼变体飞行器的结构机构设计研究
三部分解耦控制,discussed_in,第5章单-双折叠翼变体飞行器的动力学和控制研究
上下机翼相互干扰,discussed_in,第4章单-双折叠翼变体飞行器的气动特性研究
下单翼,discussed_in,第4章单-双折叠翼变体飞行器的气动特性研究
下单翼,discussed_in,第8章单-双折叠翼变体飞行器的原理验证研究
下翼,discussed_in,第8章单-双折叠翼变体飞行器的原理验证研究
主梁,discussed_in,第8章单-双折叠翼变体飞行器的原理验证研究
低压区,discussed_in,第4章单-双折叠翼变体飞行器的气动特性研究
使用过载,discussed_in,第8章单-双折叠翼变体飞行器的原理验证研究
俯仰力矩系数,discussed_in,第4章单-双折叠翼变体飞行器的气动特性研究
俯仰扰动力矩,discussed_in,第5章单-双折叠翼变体飞行器的动力学和控制研究
偏航扰动力矩,discussed_in,第5章单-双折叠翼变体飞行器的动力学和控制研究
全球鹰,discussed_in,第5章单-双折叠翼变体飞行器的动力学和控制研究
全球鹰,discussed_in,第9章总结与展望
公转角,discussed_in,第5章单-双折叠翼变体飞行器的动力学和控制研究
公转角,discussed_in,第6章单-双折叠翼变体飞行器的结构机构设计研究
刚度,discussed_in,第3章单-双折叠翼变体飞行器概念的发展和完善
副翼作动器,discussed_in,第3章单-双折叠翼变体飞行器概念的发展和完善
副翼偏角,discussed_in,第4章单-双折叠翼变体飞行器的气动特性研究
副翼偏转,discussed_in,第5章单-双折叠翼变体飞行器的动力学和控制研究
副翼偏转,discussed_in,第6章单-双折叠翼变体飞行器的结构机构设计研究
副翼差动,discussed_in,第6章单-双折叠翼变体飞行器的结构机构设计研究
副翼面积,discussed_in,第7章单-双折叠翼变体飞行器总体设计方法研究
升力,discussed_in,第1章绪论
升力,discussed_in,第2章大展弦比变展长变体飞行器设计规律研究
升力,discussed_in,第9章总结与展望
升力损失,discussed_in,第4章单-双折叠翼变体飞行器的气动特性研究
升力系数,discussed_in,第2章大展弦比变展长变体飞行器设计规律研究
升降舵,discussed_in,第5章单-双折叠翼变体飞行器的动力学和控制研究
升降舵,discussed_in,第7章单-双折叠翼变体飞行器总体设计方法研究
升限,discussed_in,第7章单-双折叠翼变体飞行器总体设计方法研究
半经验方法,discussed_in,第2章大展弦比变展长变体飞行器设计规律研究
单-双折叠翼变体飞机,discussed_in,第9章总结与展望
单翼机,discussed_in,第4章单-双折叠翼变体飞行器的气动特性研究
单翼状态,discussed_in,第5章单-双折叠翼变体飞行器的动力学和控制研究
压力中心,discussed_in,第4章单-双折叠翼变体飞行器的气动特性研究
压力分布,discussed_in,第7章单-双折叠翼变体飞行器总体设计方法研究
原理验证机,discussed_in,第1章绪论
双翼,discussed_in,第1章绪论
双翼布局,discussed_in,第7章单-双折叠翼变体飞行器总体设计方法研究
双翼构型,discussed_in,第6章单-双折叠翼变体飞行器的结构机构设计研究
双翼状态,discussed_in,第7章单-双折叠翼变体飞行器总体设计方法研究
变体控制,discussed_in,第4章单-双折叠翼变体飞行器的气动特性研究
变体控制,discussed_in,第7章单-双折叠翼变体飞行器总体设计方法研究
变体飞行器,discussed_in,第4章单-双折叠翼变体飞行器的气动特性研究
后掠角,discussed_in,第4章单-双折叠翼变体飞行器的气动特性研究
固定机翼,discussed_in,第1章绪论
固定机翼副翼,discussed_in,第5章单-双折叠翼变体飞行器的动力学和控制研究
增升装置,discussed_in,第2章大展弦比变展长变体飞行器设计规律研究
外侧端面,discussed_in,第6章单-双折叠翼变体飞行器的结构机构设计研究
失速速度,discussed_in,第7章单-双折叠翼变体飞行器总体设计方法研究
展向升力中心,discussed_in,第4章单-双折叠翼变体飞行器的气动特性研究
巡航升力系数,discussed_in,第2章大展弦比变展长变体飞行器设计规律研究
巡航高度,discussed_in,第3章单-双折叠翼变体飞行器概念的发展和完善
差动,discussed_in,第4章单-双折叠翼变体飞行器的气动特性研究
平均展长,discussed_in,第4章单-双折叠翼变体飞行器的气动特性研究
平均弦长,discussed_in,第6章单-双折叠翼变体飞行器的结构机构设计研究
平尾,discussed_in,第8章单-双折叠翼变体飞行器的原理验证研究
强度,discussed_in,第3章单-双折叠翼变体飞行器概念的发展和完善
微型舵机,discussed_in,第8章单-双折叠翼变体飞行器的原理验证研究
折叠翼,discussed_in,第8章单-双折叠翼变体飞行器的原理验证研究
拉格朗日方法,discussed_in,第5章单-双折叠翼变体飞行器的动力学和控制研究
控制方程,discussed_in,第5章单-双折叠翼变体飞行器的动力学和控制研究
控制活动机翼自转,discussed_in,第4章单-双折叠翼变体飞行器的气动特性研究
摄像头,discussed_in,第8章单-双折叠翼变体飞行器的原理验证研究
摩擦阻力,discussed_in,第2章大展弦比变展长变体飞行器设计规律研究
支撑翼,discussed_in,第1章绪论
支撑翼布局,discussed_in,第1章绪论
方向舵,discussed_in,第7章单-双折叠翼变体飞行器总体设计方法研究
最大副翼偏转角,discussed_in,第8章单-双折叠翼变体飞行器的原理验证研究
有效载荷,discussed_in,第2章大展弦比变展长变体飞行器设计规律研究
机翼前缘,discussed_in,第4章单-双折叠翼变体飞行器的气动特性研究
机翼厚度,discussed_in,第7章单-双折叠翼变体飞行器总体设计方法研究
机翼油箱,discussed_in,第7章单-双折叠翼变体飞行器总体设计方法研究
机翼结构重量,discussed_in,第2章大展弦比变展长变体飞行器设计规律研究
机翼面积,discussed_in,第1章绪论
机翼面积,discussed_in,第2章大展弦比变展长变体飞行器设计规律研究
机翼面积,discussed_in,第4章单-双折叠翼变体飞行器的气动特性研究
机身,discussed_in,第5章单-双折叠翼变体飞行器的动力学和控制研究
机身油箱,discussed_in,第7章单-双折叠翼变体飞行器总体设计方法研究
来流攻角,discussed_in,第4章单-双折叠翼变体飞行器的气动特性研究
柔性桁架,discussed_in,第1章绪论
梢根比,discussed_in,第8章单-双折叠翼变体飞行器的原理验证研究
气动优化,discussed_in,第6章单-双折叠翼变体飞行器的结构机构设计研究
气动力矩,discussed_in,第4章单-双折叠翼变体飞行器的气动特性研究
气动力矩,discussed_in,第7章单-双折叠翼变体飞行器总体设计方法研究
气动力驱动,discussed_in,第3章单-双折叠翼变体飞行器概念的发展和完善
气动力驱动,discussed_in,第4章单-双折叠翼变体飞行器的气动特性研究
气动力驱动,discussed_in,第8章单-双折叠翼变体飞行器的原理验证研究
气动力驱动,discussed_in,第9章总结与展望
气动力驱动变体,discussed_in,第8章单-双折叠翼变体飞行器的原理验证研究
气动干扰,discussed_in,第4章单-双折叠翼变体飞行器的气动特性研究
气动弹性,discussed_in,第1章绪论
气动舵面,discussed_in,第7章单-双折叠翼变体飞行器总体设计方法研究
油箱,discussed_in,第2章大展弦比变展长变体飞行器设计规律研究
活动机翼,discussed_in,第1章绪论
活动机翼,discussed_in,第9章总结与展望
滚转力矩,discussed_in,第5章单-双折叠翼变体飞行器的动力学和控制研究
燃油重量,discussed_in,第7章单-双折叠翼变体飞行器总体设计方法研究
理论,discussed_in,第4章单-双折叠翼变体飞行器的气动特性研究
电池,discussed_in,第8章单-双折叠翼变体飞行器的原理验证研究
碳纤维复合材料,discussed_in,第8章单-双折叠翼变体飞行器的原理验证研究
碳纤维管,discussed_in,第8章单-双折叠翼变体飞行器的原理验证研究
空速管,discussed_in,第8章单-双折叠翼变体飞行器的原理验证研究
续航时间,discussed_in,第8章单-双折叠翼变体飞行器的原理验证研究
翼尖,discussed_in,第8章单-双折叠翼变体飞行器的原理验证研究
翼尖涡,discussed_in,第4章单-双折叠翼变体飞行器的气动特性研究
翼尖涡流,discussed_in,第4章单-双折叠翼变体飞行器的气动特性研究
翼根弯矩,discussed_in,第2章大展弦比变展长变体飞行器设计规律研究
翼根弯矩,discussed_in,第7章单-双折叠翼变体飞行器总体设计方法研究
翼肋,discussed_in,第1章绪论
自转角,discussed_in,第5章单-双折叠翼变体飞行器的动力学和控制研究
自转角度,discussed_in,第8章单-双折叠翼变体飞行器的原理验证研究
航程,discussed_in,第3章单-双折叠翼变体飞行器概念的发展和完善
舵效,discussed_in,第4章单-双折叠翼变体飞行器的气动特性研究
舵面,discussed_in,第9章总结与展望
蒙皮,discussed_in,第1章绪论
蒙皮,discussed_in,第2章大展弦比变展长变体飞行器设计规律研究
薄翼理论,discussed_in,第4章单-双折叠翼变体飞行器的气动特性研究
螺旋桨,discussed_in,第8章单-双折叠翼变体飞行器的原理验证研究
角度传感器,discussed_in,第8章单-双折叠翼变体飞行器的原理验证研究
试飞,discussed_in,第9章总结与展望
诱导阻力系数,discussed_in,第4章单-双折叠翼变体飞行器的气动特性研究
负担转角,discussed_in,第7章单-双折叠翼变体飞行器总体设计方法研究
起降翼展,discussed_in,第3章单-双折叠翼变体飞行器概念的发展和完善
起降翼展,discussed_in,第9章总结与展望
起飞距离,discussed_in,第7章单-双折叠翼变体飞行器总体设计方法研究
转动惯量,discussed_in,第5章单-双折叠翼变体飞行器的动力学和控制研究
转动惯量,discussed_in,第8章单-双折叠翼变体飞行器的原理验证研究
转轴,discussed_in,第5章单-双折叠翼变体飞行器的动力学和控制研究
过载,discussed_in,第3章单-双折叠翼变体飞行器概念的发展和完善
过载,discussed_in,第7章单-双折叠翼变体飞行器总体设计方法研究
过载,discussed_in,第8章单-双折叠翼变体飞行器的原理验证研究
连杆,discussed_in,第1章绪论
铰链,discussed_in,第5章单-双折叠翼变体飞行器的动力学和控制研究
锥形滑块,discussed_in,第8章单-双折叠翼变体飞行器的原理验证研究
长航时飞行器,discussed_in,第2章大展弦比变展长变体飞行器设计规律研究
阻力,discussed_in,第3章单-双折叠翼变体飞行器概念的发展和完善
阻力,discussed_in,第8章单-双折叠翼变体飞行器的原理验证研究
零升攻角提前,discussed_in,第4章单-双折叠翼变体飞行器的气动特性研究
零升攻角滞后,discussed_in,第4章单-双折叠翼变体飞行器的气动特性研究
零升阻力,discussed_in,第1章绪论
非定常效应,discussed_in,第9章总结与展望
增强抗扭性能,causes,流动分离
动力学模型,controls,空速管
连杆,depends_on,机翼
连杆,depends_on,活动机翼
上反角,improves,双翼构型
变展长变体技术,improves,展弦比
展弦比,needs,结构重量
单翼构型,uses_method,下单翼
翼肋,uses_method,桁架
飞行试验,verifies,单翼构型
CFD,combines_with,升力线理论
机翼结构设计,combines_with,单-双折叠翼变体
单-双折叠翼变体,controls,单-双折叠翼变体飞行器
气动力驱动变体,drives,副翼
下机翼,improves,上机翼
副翼上偏,needs,升力系数
飞行控制,provides,摄像头
升力面,reduces,起降翼展
变体,uses_method,机翼
升降舵,controls,50000N·m
变体飞行器,develops,展弦比
变展长变体技术,develops,气动力驱动
碳纤维板,improves,机翼
螺旋桨,leads_to,变体
单翼状态,reduces,翼展
U型槽,satisfies,变体
机翼,transforms_to,活动机翼上表面前缘
展弦比,uses_method,翼尖
阻力,causes,零升阻力
双翼气动性能,combines_with,双翼
全球鹰,drives,变体
雷诺数,implements,层流
飞行试验,implements,变体
双连杆,improves,连杆
原理验证机,satisfies,展弦比
试飞,verifies,单-双折叠翼变体
飞行试验,verifies,单翼
上下机翼间距,causes,变体
流动分离,causes,连杆
维护,causes,单-双折叠翼变体飞行器
0.8m,connected_to,活动机翼
抗扭刚度,improves,固定机翼
上机翼,located_at,固定机翼
活动机翼,located_at,机翼
连杆,located_at,公转角
中国航空工业集团公司第一飞机设计研究院,manufactures,启明星50
最大升力系数,needs,机翼
气动力驱动,needs,作动器直接驱动
连杆,satisfies,活动机翼
过载,used_for,结构强度
原理验证,verifies,飞行试验
变体飞行器,verifies,空中变体
翼载荷,verifies,起飞
